,F1,F2,F3,F4,F5,F6,F7,F8,F9,F10
0,sun_ansoqsfvbzwkrhxx.jpg,sun_amexfydwjdtyhydu.jpg,sun_bjaaftuibfpyjgdw.jpg,sun_bmuvfydunudkjwgy.jpg,sun_bykurgwrxpwfeyyb.jpg,000009_2014-05-26_14-32-05_260595134347_rgbf000034-resize.jpg,000470_2014-06-09_19-42-40_260595134347_rgbf000094-resize.jpg,sun_bbmdoylvxmyvybte.jpg,sun_abpmyykpuijkvxbq.jpg,000486_2014-06-09_20-47-20_260595134347_rgbf000143-resize.jpg
1,sun_afefkxscdspuddob.jpg,sun_ayaudcpmpcxbntrj.jpg,sun_axkgbgelgnzfaual.jpg,sun_azwjpslfsraawhoz.jpg,000720_2014-06-08_18-37-27_260595134347_rgbf000203-resize.jpg,sun_aebarclxjssfwxyk.jpg,000137_2014-05-20_17-04-49_260595134347_rgbf000120-resize.jpg,sun_blyyqnakwazdxqoo.jpg,sun_aobzashczzvococq.jpg,000739_2014-06-08_18-45-58_260595134347_rgbf000068-resize.jpg
2,sun_aduhygrfpghchdch.jpg,sun_bnhgmewonjiyiecs.jpg,002082_2014-06-25_19-41-09_260595134347_rgbf000145-resize.jpg,sun_afreylkbifiqvskh.jpg,sun_asspligpjsrsyrtk.jpg,002660_2014-06-13_15-44-18_094959634447_rgbf001878-resize.jpg,sun_bxpjvxfjwyhkyqug.jpg,000869_2014-06-09_20-50-18_260595134347_rgbf000060-resize.jpg,002110_2014-06-25_20-06-55_260595134347_rgbf000087-resize.jpg,sun_agxlwxqhxrjmsvvk.jpg
3,sun_akxmlxalrwxzeggl.jpg,000800_2014-06-08_22-42-09_260595134347_rgbf000095-resize.jpg,sun_bpzzatthlcapxzol.jpg,sun_asnqkkyhilqkxiqm.jpg,002995_2014-06-15_12-31-26_094959634447_rgbf000150-resize.jpg,000679_2014-06-08_23-12-01_260595134347_rgbf000049-resize.jpg,000696_2014-06-08_13-13-31_260595134347_rgbf000101-resize.jpg,000735_2014-06-08_18-23-50_260595134347_rgbf000163-resize.jpg,001170_2014-06-17_15-43-44_260595134347_rgbf000096-resize.jpg,000866_2014-06-09_20-45-42_260595134347_rgbf000139-resize-original.jpg
4,002617_2014-06-24_14-36-55_094959634447_rgbf000060-resize.jpg,001181_2014-06-17_15-50-57_260595134347_rgbf000106-resize.jpg,sun_aoqzyrievujwbfrk.jpg,002672_2014-06-13_16-06-56_094959634447_rgbf000153-resize.jpg,sun_ayvpxyqgozezaswr.jpg,000930_2014-06-09_16-35-05_260595134347_rgbf000153-resize.jpg,sun_ayzwrfmejwnjncpp.jpg,sun_dszyiikuzuvzijhr.jpg,sun_aqtbaxfibymamjuw.jpg,sun_dgtgwmmoomuexhhc.jpg
5,sun_bohcahebpjqbazhu.jpg,002890_2014-06-03_17-52-46_094959634447_rgbf000203-resize.jpg,sun_appjdfmnspkchyeb.jpg,sun_aajpqmulidejvjsr.jpg,000521_2014-06-08_13-34-35_260595134347_rgbf000191-resize.jpg,sun_aiwdglrsrkkfbgzz.jpg,002805_2014-06-22_19-54-03_094959634447_rgbf000079-resize.jpg,000506_2014-06-08_23-21-00_260595134347_rgbf000070-resize.jpg,sun_arzajpuktswgnznh.jpg,002881_2014-06-03_17-37-20_094959634447_rgbf000151-resize.jpg
6,000742_2014-06-08_18-48-09_260595134347_rgbf000164-resize.jpg,sun_bftkancdseujtsik.jpg,sun_alhutdbptlvzhnix.jpg,sun_acvikfymjcoxwypo.jpg,sun_adijpnhmzotvliyl.jpg,sun_afrvtpszmdzszmri.jpg,001158_2014-06-17_15-32-16_260595134347_rgbf000138-resize.jpg,000665_2014-06-09_20-42-35_260595134347_rgbf000110-resize.jpg,sun_azlmgeqekovfaecg.jpg,sun_dhgkvwtvjrrztnja.jpg
7,sun_dduqwqcnizkjmbym.jpg,000646_2014-06-08_17-01-04_260595134347_rgbf000120-resize.jpg,sun_atvmzgefhybitoef.jpg,000549_2014-06-08_22-10-24_260595134347_rgbf000247-resize.jpg,000469_2014-06-09_19-42-10_260595134347_rgbf000081-resize.jpg,001456_2014-06-19_17-07-43_260595134347_rgbf000108-resize.jpg,sun_aakynfpfyupnkxtn.jpg,003092_2014-06-24_21-01-49_094959634447_rgbf000049-resize.jpg,001109_2014-06-15_17-24-58_260595134347_rgbf000147-resize.jpg,sun_aqhjlanuytugdhwl.jpg
8,sun_byuuiytmuwawdlxq.jpg,000061_2014-04-29_14-37-44_094959634447_rgbf000100-resize.jpg,001483_2014-06-19_17-36-01_260595134347_rgbf000064-resize.jpg,001806_2014-06-26_20-50-20_260595134347_rgbf000091-resize.jpg,002136_2014-06-25_21-18-03_260595134347_rgbf000109-resize.jpg,sun_djyusglcuskwollt.jpg,003546_2014-05-22_15-48-53_094959634447_rgbf004816-resize.jpg,sun_axinksamqqkuscfi.jpg,001155_2014-06-17_15-30-16_260595134347_rgbf000061-resize.jpg,sun_axzmxlymdvjqqfpk.jpg
9,001516_2014-06-20_16-25-09_260595134347_rgbf000076-resize.jpg,002906_2014-06-03_18-05-12_094959634447_rgbf000150-resize.jpg,sun_aqssggexsygwqmwf.jpg,003292_2014-05-14_21-53-49_094959634447_rgbf000100-resize.jpg,001188_2014-06-17_15-54-10_260595134347_rgbf000090-resize.jpg,001011_2014-06-08_23-18-54_260595134347_rgbf000044-resize.jpg,003079_2014-06-15_15-18-20_094959634447_rgbf000152-resize.jpg,000643_2014-06-08_16-59-43_260595134347_rgbf000183-resize.jpg,sun_amfzhbvtrslclwdb.jpg,002678_2014-06-13_16-15-32_094959634447_rgbf000151-resize.jpg
10,sun_aionqsmjfgxamkmh.jpg,sun_aqypmayniekoilrw.jpg,000191_2014-05-12_17-07-38_260595134347_rgbf000199-resize.jpg,000655_2014-06-08_17-10-34_260595134347_rgbf000176-resize.jpg,sun_baphkzwyhkodgwey.jpg,002087_2014-06-25_19-43-15_260595134347_rgbf000134-resize.jpg,000673_2014-06-08_22-54-36_260595134347_rgbf000066-resize.jpg,sun_axqheyohiyfsrljz.jpg,000929_2014-06-09_16-33-19_260595134347_rgbf000139-resize.jpg,sun_byzuzoqljxuwtvti.jpg
11,sun_aebqotnzwysdidme.jpg,sun_aazezsbjqxzmlvcs.jpg,sun_alrvpvpmsndbnsmi.jpg,sun_awyuuqkqnpsrvznc.jpg,sun_blylcqvqdjmoeuoz.jpg,003621_2014-05-23_18-06-08_094959634447_rgbf000101-resize.jpg,000103_2014-05-14_22-01-17_260595134347_rgbf000152-resize.jpg,sun_bzheckjkqqgwcfnm.jpg,002704_2014-06-22_11-30-07_094959634447_rgbf000096-resize.jpg,001584_2014-06-20_11-07-43_260595134347_rgbf000002-resize.jpg
12,002527_2014-06-24_13-26-28_094959634447_rgbf000078-resize.jpg,sun_aadteoxcyfrarcuy.jpg,001417_2014-06-19_16-25-36_260595134347_rgbf000115-resize.jpg,001613_2014-06-20_11-32-48_260595134347_rgbf000054-resize.jpg,sun_arckkwehdhltnkxg.jpg,000092_2014-05-14_21-48-51_260595134347_rgbf000151-resize.jpg,003640_2014-05-23_22-10-43_094959634447_rgbf000101-resize.jpg,001167_2014-06-17_15-38-07_260595134347_rgbf000108-resize.jpg,000555_2014-06-09_22-42-23_260595134347_rgbf000037-resize.jpg,sun_aatxlublfjchvvzu.jpg
13,sun_azpakkjmwgucbbac.jpg,sun_ajlandftvcwamwwg.jpg,003374_2014-05-20_14-24-41_094959634447_rgbf000100-resize.jpg,003129_2014-05-12_10-48-10_094959634447_rgbf000100-resize.jpg,sun_aypynlnsusubkuku.jpg,002039_2014-06-24_20-22-38_260595134347_rgbf000084-resize-original.jpg,sun_aoqfcxjpicgkpsna.jpg,000522_2014-06-08_13-35-06_260595134347_rgbf000244-resize.jpg,001394_2014-06-19_16-09-16_260595134347_rgbf000092-resize.jpg,003423_2014-05-21_10-23-26_094959634447_rgbf002665-resize.jpg
14,000436_2014-06-09_22-25-11_260595134347_rgbf000137-resize.jpg,sun_aeynrahgsovgbhzl.jpg,sun_bzbvrnhhyzzqefyg.jpg,000854_2014-06-09_19-43-13_260595134347_rgbf000066-resize.jpg,003382_2014-05-20_14-41-00_094959634447_rgbf000101-resize.jpg,001354_2014-06-19_15-45-57_260595134347_rgbf000069-resize.jpg,000753_2014-06-08_21-57-44_260595134347_rgbf000123-resize.jpg,sun_bdstfafqohpgtdug.jpg,sun_abbwggenhfbftyvi.jpg,001449_2014-06-19_17-01-27_260595134347_rgbf000116-resize.jpg
15,000448_2014-06-08_16-16-21_260595134347_rgbf000129-resize.jpg,000675_2014-06-08_22-59-18_260595134347_rgbf000096-resize.jpg,002740_2014-06-22_12-06-35_094959634447_rgbf000032-resize.jpg,sun_biivklwtzhqcwvfo.jpg,sun_aveemgfwbynovchb.jpg,000502_2014-06-08_23-02-32_260595134347_rgbf000063-resize.jpg,002057_2014-06-24_21-00-13_260595134347_rgbf000120-resize.jpg,001108_2014-06-15_17-24-15_260595134347_rgbf000135-resize.jpg,000493_2014-06-09_21-01-18_260595134347_rgbf000196-resize.jpg,sun_agpzahjrmzzoymig.jpg
16,sun_akstystfkaastjxe.jpg,003010_2014-06-15_12-54-35_094959634447_rgbf000112-resize.jpg,000694_2014-06-08_13-12-30_260595134347_rgbf000219-resize.jpg,sun_axdffaditleitfnb.jpg,001555_2014-06-20_17-12-10_260595134347_rgbf000065-resize.jpg,000414_2014-06-04_19-49-13_260595134347_rgbf000044-resize.jpg,sun_awtzhouicgildphs.jpg,sun_aqxxbgqhvsoubenj.jpg,001362_2014-06-19_15-50-24_260595134347_rgbf000076-resize.jpg,001092_2014-06-15_17-34-58_260595134347_rgbf000171-resize.jpg
17,000377_2014-06-08_11-18-34_260595134347_rgbf000178-resize.jpg,000788_2014-06-08_22-34-36_260595134347_rgbf000131-resize.jpg,000542_2014-06-08_18-27-08_260595134347_rgbf000118-resize.jpg,002523_2014-06-24_13-25-13_094959634447_rgbf000081-resize.jpg,000758_2014-06-08_22-05-08_260595134347_rgbf000085-resize.jpg,sun_anayhfpicarrbnyp.jpg,001132_2014-06-17_14-48-54_260595134347_rgbf000100-resize.jpg,000355_2014-06-09_20-32-26_260595134347_rgbf000181-resize.jpg,sun_avlmvbwxoawpkbak.jpg,sun_bzuvddxdkbzfifoa.jpg
18,001094_2014-06-15_17-36-00_260595134347_rgbf000205-resize.jpg,001581_2014-06-20_17-33-02_260595134347_rgbf000069-resize.jpg,000734_2014-06-08_17-39-11_260595134347_rgbf000128-resize.jpg,sun_aeczgaoxqprdbdwp.jpg,sun_bhonyxltrhclmivx.jpg,sun_ansidqcvysboslny.jpg,001570_2014-06-20_17-21-09_260595134347_rgbf000135-resize.jpg,sun_aughckodglpirnxy.jpg,001375_2014-06-19_15-56-19_260595134347_rgbf000078-resize.jpg,sun_aldiqdwgauilevkh.jpg
19,000481_2014-06-09_20-40-39_260595134347_rgbf000199-resize.jpg,003109_2014-06-24_21-08-48_094959634447_rgbf000082-resize.jpg,sun_aasnnbbavmebvphn.jpg,sun_bmxegptqdoztwvsb.jpg,002673_2014-06-13_16-07-38_094959634447_rgbf000150-resize.jpg,sun_bcfpdrrhypidfvpz.jpg,001724_2014-06-26_19-28-50_260595134347_rgbf000037-resize.jpg,002512_2014-06-24_13-20-12_094959634447_rgbf000077-resize.jpg,sun_aoecfksqojgzuotk.jpg,sun_dstsuurgeihyfgib.jpg
20,000878_2014-06-08_22-52-45_260595134347_rgbf000045-resize.jpg,sun_bpagosmwpwzxeyrc.jpg,sun_atyuozssqqwypctv.jpg,000109_2014-05-14_23-41-52_260595134347_rgbf000035-resize.jpg,sun_aqeodisfzenojwwt.jpg,000483_2014-06-09_20-41-45_260595134347_rgbf000116-resize.jpg,sun_djvfskyyofjfjgxm.jpg,002537_2014-06-24_13-36-51_094959634447_rgbf000079-resize.jpg,sun_achyrfibuxufqigz.jpg,000736_2014-06-08_18-24-15_260595134347_rgbf000206-resize.jpg
21,000437_2014-06-09_22-25-37_260595134347_rgbf000206-resize.jpg,002905_2014-06-03_18-04-43_094959634447_rgbf000151-resize.jpg,001614_2014-06-20_11-34-38_260595134347_rgbf000047-resize.jpg,000627_2014-06-08_16-23-54_260595134347_rgbf000173-resize.jpg,003083_2014-06-15_15-21-03_094959634447_rgbf000063-resize.jpg,001182_2014-06-17_15-51-16_260595134347_rgbf000070-resize.jpg,sun_adwqqkpnurzkvqry.jpg,001148_2014-06-17_15-26-42_260595134347_rgbf000129-resize.jpg,002900_2014-06-03_18-01-15_094959634447_rgbf000150-resize.jpg,001408_2014-06-19_16-16-19_260595134347_rgbf000084-resize.jpg
22,001617_2014-06-20_11-35-32_260595134347_rgbf000066-resize.jpg,sun_bofuvpdnxtbfmrvp.jpg,002793_2014-06-22_19-37-50_094959634447_rgbf000074-resize.jpg,000457_2014-06-08_16-52-43_260595134347_rgbf000199-resize.jpg,002524_2014-06-24_13-25-26_094959634447_rgbf000083-resize.jpg,sun_aoquhiddlfqapdlz.jpg,sun_aeteixvmlbahzsbr.jpg,001142_2014-06-17_15-24-05_260595134347_rgbf000071-resize.jpg,sun_bpfkhnkxywdodcic.jpg,sun_afrlfajzgqhnadpe.jpg
23,001450_2014-06-19_17-02-03_260595134347_rgbf000203-resize.jpg,sun_bykfoglinjjajuam.jpg,000613_2014-06-09_17-01-36_260595134347_rgbf000141-resize.jpg,002989_2014-06-15_12-25-03_094959634447_rgbf000150-resize.jpg,002725_2014-06-22_11-47-51_094959634447_rgbf000070-resize.jpg,sun_abpxxzzjsgowyosm.jpg,003490_2014-05-21_15-50-11_094959634447_rgbf000101-resize.jpg,sun_aatcallmtwwrjdkw.jpg,001175_2014-06-17_15-45-55_260595134347_rgbf000129-resize.jpg,000682_2014-06-08_23-14-58_260595134347_rgbf000041-resize.jpg
24,001133_2014-06-17_14-49-16_260595134347_rgbf000100-resize.jpg,sun_acaowsylrnrdzonc.jpg,sun_ayyaqrdebvjxmnun.jpg,sun_acuwiohfaielluxt.jpg,sun_amodkzuwphzinepq.jpg,sun_bsabhbpgrjiqyutv.jpg,sun_acpuictxvpnvhubp.jpg,003070_2014-06-15_14-58-27_094959634447_rgbf000150-resize.jpg,sun_azwwjcrzdvvyzgoe.jpg,000692_2014-06-08_13-09-42_260595134347_rgbf000199-resize.jpg
25,sun_algbdbgevjbuuufg.jpg,000425_2014-06-08_22-48-28_260595134347_rgbf000122-resize.jpg,000642_2014-06-08_16-59-25_260595134347_rgbf000098-resize.jpg,001379_2014-06-19_15-58-14_260595134347_rgbf000042-resize.jpg,002637_2014-06-24_14-51-13_094959634447_rgbf000066-resize.jpg,003081_2014-06-15_15-19-16_094959634447_rgbf000150-resize.jpg,sun_adbjjujrprqxejaw.jpg,sun_bueulxukagexbsmu.jpg,001377_2014-06-19_15-57-51_260595134347_rgbf000072-resize.jpg,001140_2014-06-17_15-21-26_260595134347_rgbf000100-resize.jpg
26,000102_2014-05-14_22-00-49_260595134347_rgbf000150-resize.jpg,000749_2014-06-08_21-55-06_260595134347_rgbf000070-resize.jpg,000079_2014-05-14_21-35-51_260595134347_rgbf000172-resize.jpg,sun_aqynrwkuyocswuzd.jpg,002213_2014-06-28_18-37-58_260595134347_rgbf000055-resize.jpg,sun_amqtfsnvzjtdpvvm.jpg,000409_2014-06-04_19-23-33_260595134347_rgbf000067-resize.jpg,sun_bybpnnlgljqojtvi.jpg,000810_2014-06-08_17-20-01_260595134347_rgbf000105-resize.jpg,sun_aebtaahxpldhjrna.jpg
27,002892_2014-06-03_17-54-31_094959634447_rgbf000170-resize.jpg,002691_2014-06-13_16-31-07_094959634447_rgbf000151-resize.jpg,003288_2014-05-14_21-50-30_094959634447_rgbf000028-resize.jpg,sun_alasycxgcamvsffx.jpg,sun_biwnkkseviodpwdr.jpg,sun_adcsbfazysbqddva.jpg,sun_ageutxkjhkglitcq.jpg,sun_bvxzlpplafmfjhaw.jpg,001828_2014-06-26_21-40-03_260595134347_rgbf000024-resize.jpg,002748_2014-06-22_19-07-22_094959634447_rgbf000078-resize.jpg
28,sun_asfpmuukmocwisil.jpg,sun_bjrkxxgvnxwtdykz.jpg,002630_2014-06-24_14-47-50_094959634447_rgbf000055-resize.jpg,000691_2014-06-08_13-08-50_260595134347_rgbf000132-resize.jpg,sun_amsnpilufjouvhym.jpg,sun_abjmqnkxnaqbdlxr.jpg,sun_asduhifcdfyekcdz.jpg,sun_aiyluzcowlbwxmdb.jpg,sun_afqpcwgwvbqdrysa.jpg,000780_2014-06-08_22-28-29_260595134347_rgbf000126-resize.jpg
29,sun_adzbkrvisvmtpxee.jpg,002036_2014-06-24_20-21-10_260595134347_rgbf000049-resize.jpg,000773_2014-06-08_22-24-54_260595134347_rgbf000093-resize.jpg,002670_2014-06-13_16-04-57_094959634447_rgbf000151-resize.jpg,001098_2014-06-15_17-43-53_260595134347_rgbf000237-resize.jpg,001329_2014-06-16_16-52-47_260595134347_rgbf000060-resize.jpg,sun_bsxnbdvmmeihzatl.jpg,003069_2014-06-15_14-57-50_094959634447_rgbf000150-resize.jpg,002901_2014-06-03_18-01-52_094959634447_rgbf000150-resize.jpg,003114_2014-05-11_20-40-39_094959634447_rgbf000100-resize.jpg
30,000138_2014-05-20_17-10-15_260595134347_rgbf000140-resize.jpg,000447_2014-06-08_16-15-46_260595134347_rgbf000130-resize.jpg,sun_axqymxhexnxsuxzp.jpg,001243_2014-06-17_16-42-18_260595134347_rgbf000057-resize.jpg,000244_2014-06-02_16-06-10_260595134347_rgbf000076-resize.jpg,sun_bvgqxvgsujafjmyh.jpg,sun_agivzozuwzewtpmv.jpg,002639_2014-06-24_14-51-37_094959634447_rgbf000074-resize.jpg,sun_bgayxnecjrrckalp.jpg,000922_2014-06-09_16-25-16_260595134347_rgbf000150-resize.jpg
31,,,,,,,,,,sun_afjelcegxkybndnw.jpg
32,,,,,,,,,,000505_2014-06-08_23-03-23_260595134347_rgbf000091-resize.jpg
33,,,,,,,,,,002750_2014-06-22_19-08-03_094959634447_rgbf000094-resize.jpg
34,,,,,,,,,,002365_2014-06-28_20-11-21_260595134347_rgbf000102-resize.jpg
35,,,,,,,,,,001406_2014-06-19_16-15-34_260595134347_rgbf000073-resize.jpg
36,,,,,,,,,,sun_blwkmhblbzypyozq.jpg
37,,,,,,,,,,001120_2014-06-15_17-44-24_260595134347_rgbf000192-resize.jpg
38,,,,,,,,,,sun_atjyemwleykdywmb.jpg
39,,,,,,,,,,sun_akavuoxhsnrshjtb.jpg
40,,,,,,,,,,sun_bgleyjzfabmmlyxm.jpg
